<?xml version="1.0" encoding="UTF-8"?>
<extentreports>
  <configuration>
    <!-- report theme -->
    <!-- standard, dark -->
    <theme>standard</theme>
  
    <!-- document encoding -->
    <!-- defaults to UTF-8 -->
    <encoding>UTF-8</encoding>
    
    <!-- protocol for script and stylesheets -->
    <!-- defaults to https -->
    <protocol>https</protocol>
    
    <!-- title of the document -->
    <documentTitle>EMIDS Regression Report</documentTitle>
    
    <!-- report name - displayed at top-nav -->
    <reportName>Automation Report</reportName>
    
    <!-- report headline - displayed at top-nav, after reportHeadline -->
    <reportHeadline>EMIDS Regression</reportHeadline>
    
    <!-- global date format override -->
    <!-- defaults to yyyy-MM-dd -->
    <dateFormat>yyyy-MM-dd</dateFormat>
    
    <!-- global time format override -->
    <!-- defaults to HH:mm:ss -->
    <timeFormat>HH:mm:ss</timeFormat>
    
    <!-- custom javascript -->
    <scripts>
      <![CDATA[
        $(document).ready(function() {
          $('#slide-out .dashboard-view').click();
          $('.logo-container').hide();
          $('.nav-right').hide();
          $('.system-view  .card-panel').hide();         
          $('#test-count-setting').attr('class','modal bottom-sheet parentWithoutNodes');
          $('#test-count-setting>.modal-footer>a').click();
           $('#test-analysis + .doughnut-legend.right li:nth-child(3)').hide();
          $('.doughnut-legend.right li:nth-child(4)').hide();
          $('.doughnut-legend.right li:nth-child(5)').hide();
          $('.doughnut-legend.right li:nth-child(6)').hide();
          $('.doughnut-legend.right li:nth-child(7)').hide();
          $('#step-analysis + .doughnut-legend.right li:nth-child(8)').hide();
          <!-- $('[type=radio]+label[for=parentWithoutNodes]').click(); -->
          <!-- $().click(); -->
        });
        
      ]]>
    </scripts>
    
    <!-- custom styles -->
    <styles>
      <![CDATA[
       <!--  .label.outline{background: #f44336; color: #fafafa;} -->
      ]]>
    </styles>
  </configuration>
</extentreports>