<?xml version="1.0" encoding="UTF-8"?>
<!DOCTYPE suite SYSTEM "http://testng.org/testng-1.0.dtd">
<suite name="TestSuite" parallel="tests" thread-count="4">

	<parameter name="reportName" value="ExecutionReport_Grid" />
	  
	<test name="Tests on IE Browser in node1">
	    <parameter name="nodename" value="Set1" />
	    <parameter name="browser" value="Grid_IE" />
	    <classes>
			<class name="com.emids.EMIDS.Script.Driver"></class>
		</classes>
	</test>
	
	<test name="Tests on IE Browser in node2">
	   <parameter name="nodename" value="Set2" />
	   <parameter name="browser" value="Grid_IE" />
	   <classes>
			<class name="com.emids.EMIDS.Script.Driver"></class>
		</classes>
	</test>
	
	<test name="Tests on IE Browser in node3">
	   <parameter name="nodename" value="Set3" />
	   <parameter name="browser" value="Grid_IE" />
	   <classes>
			<class name="com.emids.EMIDS.Script.Driver"></class>
		</classes>
	</test>
	
	<test name="Tests on IE Browser in node4">
	   <parameter name="nodename" value="Set4" />
	   <parameter name="browser" value="Grid_IE" />
	   <classes>
			<class name="com.emids.EMIDS.Script.Driver"></class>
		</classes>
	</test>
	
	<!-- <test name="Tests on IE Browser in node4">
	   <parameter name="nodename" value="Set4" />
	   <parameter name="browser" value="Grid_IE" />
		<classes>
			<class name="com.emids.EMIDS.Script.Driver"></class>
		</classes>
	</test>
	
	<test name="Tests on IE Browser in node5">
	   <parameter name="nodename" value="Set5" />
	   <parameter name="browser" value="Grid_IE" />
		<classes>
			<class name="com.emids.EMIDS.Script.Driver"></class>
		</classes>
	</test> -->
	
</suite>